Марка;Ссылка;Цена в $;Цена в UAH;Город
Mitsubishi Outlander 2022;https://auto.ria.com/newauto/auto-mitsubishi-outlander-1906337.html;27 753 $;1 099 000 грн;Одеса
Mitsubishi ASX 2022;https://auto.ria.com/newauto/auto-mitsubishi-asx-1899088.html;29 519 $;1 099 000 грн;Луцьк
Mitsubishi Outlander 2022;https://auto.ria.com/newauto/auto-mitsubishi-outlander-1823831.html;29 224 $;1 088 000 грн;Житомир
Mitsubishi Outlander 2022;https://auto.ria.com/newauto/auto-mitsubishi-outlander-1901617.html;34 833 $;1 296 500 грн;Полтава
Mitsubishi Outlander 2023;https://auto.ria.com/newauto/auto-mitsubishi-outlander-1912249.html;35 026 $;1 304 000 грн;Київ
Mitsubishi ASX 2022;https://auto.ria.com/newauto/auto-mitsubishi-asx-1899733.html;27 753 $;1 099 000 грн;Одеса
Mitsubishi Outlander 2023;https://auto.ria.com/newauto/auto-mitsubishi-outlander-1916669.html;29 224 $;1 088 000 грн;Вінниця
Mitsubishi Outlander 2022;https://auto.ria.com/newauto/auto-mitsubishi-outlander-1903076.html;27 639 $;1 029 000 грн;Запоріжжя
Mitsubishi Outlander 2023;https://auto.ria.com/newauto/auto-mitsubishi-outlander-1899124.html;29 573 $;1 101 000 грн;Луцьк
Mitsubishi ASX 2022;https://auto.ria.com/newauto/auto-mitsubishi-asx-1916537.html;29 519 $;1 099 000 грн;Вінниця
Mitsubishi Outlander 2023;https://auto.ria.com/newauto/auto-mitsubishi-outlander-1914229.html;35 388 $;36 879 $;Кривий Ріг
Mitsubishi L 200 2023;https://auto.ria.com/newauto/auto-mitsubishi-l-200-1914976.html;41 996 $;1 563 500 грн;Одеса
Mitsubishi ASX 2022;https://auto.ria.com/newauto/auto-mitsubishi-asx-1903007.html;29 519 $;1 099 000 грн;Запоріжжя
Mitsubishi Outlander 2022;https://auto.ria.com/newauto/auto-mitsubishi-outlander-1903978.html;29 224 $;1 088 000 грн;Київ
Mitsubishi Outlander 2022;https://auto.ria.com/newauto/auto-mitsubishi-outlander-1887534.html;29 224 $;30 755 $;Одеса
Mitsubishi ASX 2023;https://auto.ria.com/newauto/auto-mitsubishi-asx-1890328.html;30 350 $;37 608 $;Дніпро (Дніпропетровськ)
Mitsubishi Outlander 2022;https://auto.ria.com/newauto/auto-mitsubishi-outlander-1871926.html;29 224 $;30 755 $;Одеса
Mitsubishi Outlander 2022;https://auto.ria.com/newauto/auto-mitsubishi-outlander-1904354.html;29 224 $;1 088 000 грн;Львів
Mitsubishi Outlander 2022;https://auto.ria.com/newauto/auto-mitsubishi-outlander-1899121.html;32 742 $;1 219 000 грн;Луцьк
Mitsubishi Outlander 2022;https://auto.ria.com/newauto/auto-mitsubishi-outlander-1903917.html;35 026 $;1 304 000 грн;Львів
Mitsubishi Outlander 2022;https://auto.ria.com/newauto/auto-mitsubishi-outlander-1903077.html;30 755 $;1 145 000 грн;Запоріжжя
Mitsubishi Outlander 2022;https://auto.ria.com/newauto/auto-mitsubishi-outlander-1901763.html;36 771 $;1 369 000 грн;Львів
Mitsubishi Outlander 2023;https://auto.ria.com/newauto/auto-mitsubishi-outlander-1917398.html;30 755 $;1 145 000 грн;Івано-Франківськ
Mitsubishi Outlander 2022;https://auto.ria.com/newauto/auto-mitsubishi-outlander-1917632.html;33 105 $;1 232 500 грн;Кривий Ріг
Mitsubishi Outlander 2023;https://auto.ria.com/newauto/auto-mitsubishi-outlander-1907177.html;35 026 $;1 304 000 грн;Чернівці
Mitsubishi Outlander 2022;https://auto.ria.com/newauto/auto-mitsubishi-outlander-1906390.html;32 742 $;1 219 000 грн;Київ
Mitsubishi Outlander 2022;https://auto.ria.com/newauto/auto-mitsubishi-outlander-1904298.html;37 134 $;1 382 500 грн;Івано-Франківськ
Mitsubishi Outlander 2023;https://auto.ria.com/newauto/auto-mitsubishi-outlander-1910160.html;35 026 $;1 304 000 грн;Київ
Mitsubishi Outlander 2022;https://auto.ria.com/newauto/auto-mitsubishi-outlander-1906718.html;34 571 $;1 369 000 грн;Одеса
Mitsubishi Eclipse Cross 2022;https://auto.ria.com/newauto/auto-mitsubishi-eclipse-cross-1895283.html;32 205 $;1 199 000 грн;Луцьк
Mitsubishi Outlander 2022;https://auto.ria.com/newauto/auto-mitsubishi-outlander-1821341.html;35 026 $;36 879 $;Одеса
Mitsubishi Eclipse Cross 2022;https://auto.ria.com/newauto/auto-mitsubishi-eclipse-cross-1862417.html;32 205 $;1 199 000 грн;Харків
Mitsubishi ASX 2023;https://auto.ria.com/newauto/auto-mitsubishi-asx-1859769.html;26 337 $;980 000 грн;Черкаси
Mitsubishi Pajero Sport 2023;https://auto.ria.com/newauto/auto-mitsubishi-pajero-sport-1914991.html;50 564 $;1 882 500 грн;Одеса
Mitsubishi Outlander 2022;https://auto.ria.com/newauto/auto-mitsubishi-outlander-1915615.html;36 771 $;1 369 000 грн;Київ
Mitsubishi Outlander 2023;https://auto.ria.com/newauto/auto-mitsubishi-outlander-1871413.html;36 771 $;1 369 000 грн;Одеса
Mitsubishi Eclipse Cross 2022;https://auto.ria.com/newauto/auto-mitsubishi-eclipse-cross-1915616.html;32 205 $;1 199 000 грн;Київ
Mitsubishi Outlander 2022;https://auto.ria.com/newauto/auto-mitsubishi-outlander-1901336.html;29 224 $;1 088 000 грн;Луцьк
Mitsubishi L 200 2023;https://auto.ria.com/newauto/auto-mitsubishi-l-200-1917302.html;42 976 $;1 600 000 грн;Луцьк
Mitsubishi Outlander 2023;https://auto.ria.com/newauto/auto-mitsubishi-outlander-1910835.html;26 296 $;979 000 грн;Кропивницький (Кіровоград)
Mitsubishi Outlander 2022;https://auto.ria.com/newauto/auto-mitsubishi-outlander-1904270.html;29 224 $;1 088 000 грн;Черкаси
Mitsubishi ASX 2022;https://auto.ria.com/newauto/auto-mitsubishi-asx-1835953.html;29 519 $;1 099 000 грн;Харків
Mitsubishi Pajero Sport 2023;https://auto.ria.com/newauto/auto-mitsubishi-pajero-sport-1915898.html;50 564 $;1 882 500 грн;Кривий Ріг
Mitsubishi L 200 2023;https://auto.ria.com/newauto/auto-mitsubishi-l-200-1917434.html;41 996 $;1 563 500 грн;Кривий Ріг
Mitsubishi L 200 2023;https://auto.ria.com/newauto/auto-mitsubishi-l-200-1915379.html;42 976 $;1 600 000 грн;Луцьк
Mitsubishi Outlander 2022;https://auto.ria.com/newauto/auto-mitsubishi-outlander-1903078.html;30 755 $;1 145 000 грн;Запоріжжя
Mitsubishi Outlander 2023;https://auto.ria.com/newauto/auto-mitsubishi-outlander-1872611.html;35 388 $;1 317 500 грн;Івано-Франківськ
Mitsubishi Outlander 2022;https://auto.ria.com/newauto/auto-mitsubishi-outlander-1913185.html;31 126 $;1 158 500 грн;Одеса
Mitsubishi Outlander 2022;https://auto.ria.com/newauto/auto-mitsubishi-outlander-1857778.html;32 742 $;1 219 000 грн;Харків
Mitsubishi Outlander 2023;https://auto.ria.com/newauto/auto-mitsubishi-outlander-1917493.html;35 026 $;1 304 000 грн;Київ
Mitsubishi Outlander 2022;https://auto.ria.com/newauto/auto-mitsubishi-outlander-1908278.html;36 771 $;1 369 000 грн;Вінниця
Mitsubishi Eclipse Cross 2022;https://auto.ria.com/newauto/auto-mitsubishi-eclipse-cross-1898140.html;33 575 $;1 250 000 грн;Одеса
Mitsubishi Outlander 2023;https://auto.ria.com/newauto/auto-mitsubishi-outlander-1909835.html;26 296 $;979 000 грн;Чернівці
Mitsubishi Eclipse Cross 2023;https://auto.ria.com/newauto/auto-mitsubishi-eclipse-cross-1915083.html;34 247 $;1 275 000 грн;Чернівці
Mitsubishi Outlander 2023;https://auto.ria.com/newauto/auto-mitsubishi-outlander-1915493.html;32 742 $;1 219 000 грн;Київ
Mitsubishi Eclipse Cross 2021;https://auto.ria.com/newauto/auto-mitsubishi-eclipse-cross-1903565.html;37 577 $;1 399 000 грн;Кривий Ріг
Mitsubishi Pajero Sport 2023;https://auto.ria.com/newauto/auto-mitsubishi-pajero-sport-1859116.html;44 185 $;1 645 000 грн;Чернівці
Mitsubishi Outlander 2023;https://auto.ria.com/newauto/auto-mitsubishi-outlander-1916697.html;35 026 $;1 304 000 грн;Київ
Mitsubishi L 200 2023;https://auto.ria.com/newauto/auto-mitsubishi-l-200-1917474.html;41 633 $;1 550 000 грн;Київ
Mitsubishi Eclipse Cross 2023;https://auto.ria.com/newauto/auto-mitsubishi-eclipse-cross-1866348.html;34 247 $;1 275 000 грн;Чернівці
Mitsubishi Outlander 2023;https://auto.ria.com/newauto/auto-mitsubishi-outlander-1912392.html;32 742 $;1 219 000 грн;Вінниця
Mitsubishi Outlander 2023;https://auto.ria.com/newauto/auto-mitsubishi-outlander-1913191.html;37 144 $;1 382 500 грн;Одеса
Mitsubishi Outlander 2022;https://auto.ria.com/newauto/auto-mitsubishi-outlander-1914479.html;29 224 $;1 088 000 грн;Вінниця
Mitsubishi Outlander 2023;https://auto.ria.com/newauto/auto-mitsubishi-outlander-1914231.html;37 134 $;38 705 $;Кривий Ріг
Mitsubishi Outlander 2023;https://auto.ria.com/newauto/auto-mitsubishi-outlander-1917404.html;35 026 $;36 879 $;Київ
Mitsubishi L 200 2023;https://auto.ria.com/newauto/auto-mitsubishi-l-200-1915407.html;41 633 $;1 550 000 грн;Івано-Франківськ
Mitsubishi Outlander 2022;https://auto.ria.com/newauto/auto-mitsubishi-outlander-1898794.html;31 945 $;1 189 000 грн;Одеса
Mitsubishi Outlander 2023;https://auto.ria.com/newauto/auto-mitsubishi-outlander-1917509.html;29 224 $;1 088 000 грн;Вінниця
Mitsubishi Outlander 2023;https://auto.ria.com/newauto/auto-mitsubishi-outlander-1917310.html;32 742 $;1 219 000 грн;Вінниця
Mitsubishi Outlander 2022;https://auto.ria.com/newauto/auto-mitsubishi-outlander-1908279.html;36 771 $;1 369 000 грн;Вінниця
Mitsubishi Eclipse Cross 2022;https://auto.ria.com/newauto/auto-mitsubishi-eclipse-cross-1896683.html;32 568 $;1 212 500 грн;Черкаси
Mitsubishi L 200 2023;https://auto.ria.com/newauto/auto-mitsubishi-l-200-1819010.html;41 633 $;42 976 $;Черкаси
Mitsubishi Eclipse Cross 2023;https://auto.ria.com/newauto/auto-mitsubishi-eclipse-cross-1873264.html;39 619 $;1 475 000 грн;Черкаси
Mitsubishi Outlander 2023;https://auto.ria.com/newauto/auto-mitsubishi-outlander-1903446.html;29 224 $;1 088 000 грн;Київ
Mitsubishi Outlander 2022;https://auto.ria.com/newauto/auto-mitsubishi-outlander-1903093.html;33 271 $;1 317 500 грн;Одеса
Mitsubishi L 200 2023;https://auto.ria.com/newauto/auto-mitsubishi-l-200-1916542.html;42 976 $;1 600 000 грн;Львів
Mitsubishi Pajero Sport 2023;https://auto.ria.com/newauto/auto-mitsubishi-pajero-sport-1915479.html;50 201 $;1 869 000 грн;Черкаси
Mitsubishi ASX 2023;https://auto.ria.com/newauto/auto-mitsubishi-asx-1915966.html;26 323 $;980 000 грн;Чернівці
Mitsubishi Outlander 2022;https://auto.ria.com/newauto/auto-mitsubishi-outlander-1860801.html;29 224 $;1 088 000 грн;Чернівці
Mitsubishi Eclipse Cross 2023;https://auto.ria.com/newauto/auto-mitsubishi-eclipse-cross-1915485.html;34 609 $;1 288 500 грн;Кривий Ріг
Mitsubishi Outlander 2022;https://auto.ria.com/newauto/auto-mitsubishi-outlander-1912038.html;29 224 $;1 088 000 грн;Вінниця
Mitsubishi L 200 2023;https://auto.ria.com/newauto/auto-mitsubishi-l-200-1916541.html;41 633 $;1 550 000 грн;Львів
Mitsubishi ASX 2023;https://auto.ria.com/newauto/auto-mitsubishi-asx-1871411.html;30 325 $;1 129 000 грн;Чернівці
Mitsubishi Outlander 2022;https://auto.ria.com/newauto/auto-mitsubishi-outlander-1898795.html;37 251 $;1 386 500 грн;Одеса
Mitsubishi Outlander 2022;https://auto.ria.com/newauto/auto-mitsubishi-outlander-1899259.html;34 833 $;1 296 500 грн;Полтава
Mitsubishi ASX 2023;https://auto.ria.com/newauto/auto-mitsubishi-asx-1915484.html;26 685 $;993 500 грн;Кривий Ріг
Mitsubishi Outlander 2022;https://auto.ria.com/newauto/auto-mitsubishi-outlander-1904018.html;36 771 $;1 369 000 грн;Харків
Mitsubishi L 200 2023;https://auto.ria.com/newauto/auto-mitsubishi-l-200-1915081.html;42 976 $;1 600 000 грн;Чернівці
Mitsubishi Outlander 2022;https://auto.ria.com/newauto/auto-mitsubishi-outlander-1901694.html;33 105 $;1 232 500 грн;Тернопіль
Mitsubishi Pajero Sport 2023;https://auto.ria.com/newauto/auto-mitsubishi-pajero-sport-1915926.html;50 578 $;1 882 500 грн;Одеса
Mitsubishi Outlander 2023;https://auto.ria.com/newauto/auto-mitsubishi-outlander-1863959.html;32 742 $;1 219 000 грн;Одеса
Mitsubishi Outlander 2022;https://auto.ria.com/newauto/auto-mitsubishi-outlander-1909650.html;32 742 $;1 219 000 грн;Київ
Mitsubishi Outlander 2023;https://auto.ria.com/newauto/auto-mitsubishi-outlander-1906971.html;32 742 $;1 219 000 грн;Київ
Mitsubishi Outlander 2023;https://auto.ria.com/newauto/auto-mitsubishi-outlander-1917585.html;35 026 $;1 304 000 грн;Кропивницький (Кіровоград)
Mitsubishi Eclipse Cross 2023;https://auto.ria.com/newauto/auto-mitsubishi-eclipse-cross-1916626.html;34 247 $;1 275 000 грн;Львів
Mitsubishi Eclipse Cross 2023;https://auto.ria.com/newauto/auto-mitsubishi-eclipse-cross-1894678.html;34 275 $;1 275 000 грн;Дніпро (Дніпропетровськ)
Mitsubishi Outlander 2022;https://auto.ria.com/newauto/auto-mitsubishi-outlander-1912055.html;29 224 $;1 088 000 грн;Вінниця
Mitsubishi Outlander 2022;https://auto.ria.com/newauto/auto-mitsubishi-outlander-1903596.html;29 586 $;1 101 500 грн;Кривий Ріг
Mitsubishi L 200 2023;https://auto.ria.com/newauto/auto-mitsubishi-l-200-1915385.html;37 577 $;1 399 000 грн;Луцьк
Mitsubishi Outlander 2022;https://auto.ria.com/newauto/auto-mitsubishi-outlander-1857485.html;32 742 $;1 219 000 грн;Черкаси
Mitsubishi Eclipse Cross 2022;https://auto.ria.com/newauto/auto-mitsubishi-eclipse-cross-1870424.html;30 618 $;1 139 900 грн;Київ
Mitsubishi Outlander 2022;https://auto.ria.com/newauto/auto-mitsubishi-outlander-1917381.html;29 224 $;1 088 000 грн;Київ
Mitsubishi Eclipse Cross 2023;https://auto.ria.com/newauto/auto-mitsubishi-eclipse-cross-1866165.html;34 247 $;1 275 000 грн;Чернівці
Mitsubishi Outlander 2022;https://auto.ria.com/newauto/auto-mitsubishi-outlander-1798223.html;29 224 $;1 088 000 грн;Черкаси
Mitsubishi Eclipse Cross 2022;https://auto.ria.com/newauto/auto-mitsubishi-eclipse-cross-1910473.html;32 205 $;1 199 000 грн;Київ
Mitsubishi Pajero Sport 2023;https://auto.ria.com/newauto/auto-mitsubishi-pajero-sport-1916396.html;44 185 $;1 645 000 грн;Черкаси
Mitsubishi Eclipse Cross 2023;https://auto.ria.com/newauto/auto-mitsubishi-eclipse-cross-1871040.html;39 619 $;1 475 000 грн;Чернівці
Mitsubishi Pajero Sport 2023;https://auto.ria.com/newauto/auto-mitsubishi-pajero-sport-1859034.html;50 201 $;1 869 000 грн;Чернівці
Mitsubishi L 200 2023;https://auto.ria.com/newauto/auto-mitsubishi-l-200-1915382.html;37 577 $;1 399 000 грн;Луцьк
Mitsubishi Outlander 2023;https://auto.ria.com/newauto/auto-mitsubishi-outlander-1906963.html;29 224 $;1 088 000 грн;Київ
Mitsubishi Outlander 2023;https://auto.ria.com/newauto/auto-mitsubishi-outlander-1864069.html;36 771 $;1 369 000 грн;Чернівці
Mitsubishi Outlander 2023;https://auto.ria.com/newauto/auto-mitsubishi-outlander-1904314.html;26 296 $;979 000 грн;Чернівці
Mitsubishi ASX 2023;https://auto.ria.com/newauto/auto-mitsubishi-asx-1883523.html;30 325 $;1 129 000 грн;Кропивницький (Кіровоград)
Mitsubishi Outlander 2022;https://auto.ria.com/newauto/auto-mitsubishi-outlander-1901727.html;35 388 $;1 317 500 грн;Тернопіль
Mitsubishi Outlander 2022;https://auto.ria.com/newauto/auto-mitsubishi-outlander-1914478.html;29 224 $;1 088 000 грн;Вінниця
Mitsubishi Outlander 2022;https://auto.ria.com/newauto/auto-mitsubishi-outlander-1899262.html;37 251 $;1 386 500 грн;Полтава
Mitsubishi Eclipse Cross 2023;https://auto.ria.com/newauto/auto-mitsubishi-eclipse-cross-1915592.html;34 247 $;1 275 000 грн;Київ
Mitsubishi Outlander 2022;https://auto.ria.com/newauto/auto-mitsubishi-outlander-1900022.html;36 781 $;1 369 000 грн;Київ
Mitsubishi Outlander 2022;https://auto.ria.com/newauto/auto-mitsubishi-outlander-1900029.html;29 232 $;1 088 000 грн;Київ
Mitsubishi ASX 2023;https://auto.ria.com/newauto/auto-mitsubishi-asx-1915576.html;30 325 $;1 129 000 грн;Київ
Mitsubishi ASX 2022;https://auto.ria.com/newauto/auto-mitsubishi-asx-1915595.html;30 325 $;1 129 000 грн;Київ
Mitsubishi Outlander 2022;https://auto.ria.com/newauto/auto-mitsubishi-outlander-1915606.html;32 742 $;1 219 000 грн;Київ
Mitsubishi Outlander 2023;https://auto.ria.com/newauto/auto-mitsubishi-outlander-1911246.html;36 771 $;1 369 000 грн;Чернівці
Mitsubishi Outlander 2022;https://auto.ria.com/newauto/auto-mitsubishi-outlander-1899576.html;35 044 $;1 304 000 грн;Черкаси
Mitsubishi Outlander 2022;https://auto.ria.com/newauto/auto-mitsubishi-outlander-1847098.html;29 224 $;1 088 000 грн;Харків
Mitsubishi Outlander 2022;https://auto.ria.com/newauto/auto-mitsubishi-outlander-1912253.html;29 224 $;1 088 000 грн;Київ
Mitsubishi Outlander 2023;https://auto.ria.com/newauto/auto-mitsubishi-outlander-1904742.html;29 224 $;1 088 000 грн;Кропивницький (Кіровоград)
Mitsubishi Outlander 2022;https://auto.ria.com/newauto/auto-mitsubishi-outlander-1900035.html;29 232 $;1 088 000 грн;Київ
Mitsubishi Outlander 2023;https://auto.ria.com/newauto/auto-mitsubishi-outlander-1915858.html;36 771 $;1 369 000 грн;Луцьк
Mitsubishi Outlander 2022;https://auto.ria.com/newauto/auto-mitsubishi-outlander-1904032.html;32 742 $;1 219 000 грн;Львів
Mitsubishi Outlander 2022;https://auto.ria.com/newauto/auto-mitsubishi-outlander-1900024.html;32 751 $;1 219 000 грн;Київ
Mitsubishi Outlander 2022;https://auto.ria.com/newauto/auto-mitsubishi-outlander-1904526.html;36 771 $;1 369 000 грн;Житомир
Mitsubishi ASX 2023;https://auto.ria.com/newauto/auto-mitsubishi-asx-1891612.html;30 688 $;1 142 500 грн;Львів
Mitsubishi Outlander 2023;https://auto.ria.com/newauto/auto-mitsubishi-outlander-1915843.html;34 912 $;1 382 500 грн;Одеса
Mitsubishi Outlander 2022;https://auto.ria.com/newauto/auto-mitsubishi-outlander-1900023.html;35 035 $;1 304 000 грн;Київ
Mitsubishi Outlander 2022;https://auto.ria.com/newauto/auto-mitsubishi-outlander-1901740.html;29 586 $;1 101 500 грн;Тернопіль
Mitsubishi Outlander 2022;https://auto.ria.com/newauto/auto-mitsubishi-outlander-1915608.html;29 224 $;1 088 000 грн;Київ
Mitsubishi Eclipse Cross 2022;https://auto.ria.com/newauto/auto-mitsubishi-eclipse-cross-1896587.html;37 587 $;1 399 000 грн;Київ
Mitsubishi Outlander 2022;https://auto.ria.com/newauto/auto-mitsubishi-outlander-1910158.html;36 771 $;1 369 000 грн;Київ
Mitsubishi Outlander 2022;https://auto.ria.com/newauto/auto-mitsubishi-outlander-1861649.html;29 224 $;1 088 000 грн;Харків
Mitsubishi Pajero Sport 2023;https://auto.ria.com/newauto/auto-mitsubishi-pajero-sport-1915664.html;44 185 $;1 645 000 грн;Кропивницький (Кіровоград)
Mitsubishi Eclipse Cross 2023;https://auto.ria.com/newauto/auto-mitsubishi-eclipse-cross-1887332.html;34 247 $;1 275 000 грн;Кропивницький (Кіровоград)
Mitsubishi Outlander 2023;https://auto.ria.com/newauto/auto-mitsubishi-outlander-1910484.html;36 771 $;1 369 000 грн;Київ
Mitsubishi Outlander 2022;https://auto.ria.com/newauto/auto-mitsubishi-outlander-1900030.html;29 232 $;1 088 000 грн;Київ
Mitsubishi Pajero Sport 2023;https://auto.ria.com/newauto/auto-mitsubishi-pajero-sport-1883556.html;50 201 $;1 869 000 грн;Кропивницький (Кіровоград)
Mitsubishi Outlander 2022;https://auto.ria.com/newauto/auto-mitsubishi-outlander-1900026.html;32 751 $;1 219 000 грн;Київ
Mitsubishi Outlander 2022;https://auto.ria.com/newauto/auto-mitsubishi-outlander-1869202.html;36 771 $;1 369 000 грн;Харків
Mitsubishi Outlander 2022;https://auto.ria.com/newauto/auto-mitsubishi-outlander-1915621.html;35 026 $;1 304 000 грн;Київ
Mitsubishi Outlander 2023;https://auto.ria.com/newauto/auto-mitsubishi-outlander-1904733.html;35 026 $;1 304 000 грн;Кропивницький (Кіровоград)
Mitsubishi Outlander 2022;https://auto.ria.com/newauto/auto-mitsubishi-outlander-1900028.html;29 232 $;1 088 000 грн;Київ
Mitsubishi L 200 2023;https://auto.ria.com/newauto/auto-mitsubishi-l-200-1916173.html;41 633 $;1 550 000 грн;Київ
Mitsubishi Outlander 2022;https://auto.ria.com/newauto/auto-mitsubishi-outlander-1887231.html;26 296 $;979 000 грн;Кропивницький (Кіровоград)
Mitsubishi Outlander 2023;https://auto.ria.com/newauto/auto-mitsubishi-outlander-1887516.html;32 742 $;1 219 000 грн;Кропивницький (Кіровоград)
Mitsubishi Outlander 2022;https://auto.ria.com/newauto/auto-mitsubishi-outlander-1910482.html;32 742 $;1 219 000 грн;Київ
Mitsubishi Outlander 2023;https://auto.ria.com/newauto/auto-mitsubishi-outlander-1887285.html;32 742 $;1 219 000 грн;Кропивницький (Кіровоград)
Mitsubishi Outlander 2023;https://auto.ria.com/newauto/auto-mitsubishi-outlander-1889711.html;26 296 $;979 000 грн;Кропивницький (Кіровоград)
Mitsubishi Pajero Sport 2023;https://auto.ria.com/newauto/auto-mitsubishi-pajero-sport-1916430.html;50 215 $;1 869 000 грн;Київ
Mitsubishi ASX 2023;https://auto.ria.com/newauto/auto-mitsubishi-asx-1916425.html;26 330 $;980 000 грн;Київ
Mitsubishi L 200 2023;https://auto.ria.com/newauto/auto-mitsubishi-l-200-1916469.html;41 644 $;1 550 000 грн;Київ
Mitsubishi L 200 2023;https://auto.ria.com/newauto/auto-mitsubishi-l-200-1914719.html;41 633 $;1 550 000 грн;Вінниця
Mitsubishi L 200 2023;https://auto.ria.com/newauto/auto-mitsubishi-l-200-1916756.html;41 633 $;1 550 000 грн;Чернівці
Mitsubishi Outlander 2023;https://auto.ria.com/newauto/auto-mitsubishi-outlander-1916174.html;35 026 $;1 304 000 грн;Київ
Mitsubishi Outlander 2022;https://auto.ria.com/newauto/auto-mitsubishi-outlander-1914361.html;29 232 $;30 889 $;Полтава
Mitsubishi Outlander 2022;https://auto.ria.com/newauto/auto-mitsubishi-outlander-1906574.html;35 035 $;1 304 000 грн;Полтава
Mitsubishi Outlander 2022;https://auto.ria.com/newauto/auto-mitsubishi-outlander-1914362.html;29 232 $;30 889 $;Полтава
Mitsubishi L 200 2023;https://auto.ria.com/newauto/auto-mitsubishi-l-200-1914694.html;41 644 $;1 550 000 грн;Полтава
Mitsubishi ASX 2023;https://auto.ria.com/newauto/auto-mitsubishi-asx-1915001.html;26 330 $;980 000 грн;Полтава
Mitsubishi Outlander 2022;https://auto.ria.com/newauto/auto-mitsubishi-outlander-1909853.html;32 751 $;1 219 000 грн;Полтава
Mitsubishi Pajero Sport 2023;https://auto.ria.com/newauto/auto-mitsubishi-pajero-sport-1914999.html;50 215 $;1 869 000 грн;Полтава
Mitsubishi Eclipse Cross 2023;https://auto.ria.com/newauto/auto-mitsubishi-eclipse-cross-1915013.html;34 256 $;1 275 000 грн;Полтава
Mitsubishi Airtrek 2022;https://auto.ria.com/newauto/auto-mitsubishi-airtrek-1917446.html;37 800 $;1 407 294 грн;Одеса
